,ideology,state,name,party,twitter_handler
0,0.0,NY,Kirsten Gillibrand,D,@gillibrandny
1,0.008702126947094217,VT,Bernie Sanders,I,@SenSanders
2,0.03295751608681747,OR,Jeff Merkley,D,@SenJeffMerkley
3,0.05085780172997755,CA,Kamala Harris,D,@SenKamalaHarris
4,0.09073460995616636,MA,Ed Markey,D,@SenMarkey
5,0.1022090112980621,CT,Richard Blumenthal,D,@SenBlumenthal
6,0.11951968188325544,OH,Sherrod Brown,D,@SenSherrodBrown
7,0.12267233326568652,RI,Jack Reed,D,@SenJackReed
8,0.12754257213755685,WA,Patty Murray,D,@PattyMurray
9,0.12992329182086187,HI,Mazie Hirono,D,@maziehirono
10,0.1358445661114254,IL,Richard Durbin,D,
11,0.14533408925541205,MD,Chris Van Hollen,D,@ChrisVanHollen
12,0.15393746268225655,MA,Elizabeth Warren,D,@SenWarren
13,0.15913797817092476,MN,Tina Smith,D,@SenTinaSmith
14,0.16155261267002075,CA,Dianne Feinstein,D,@SenFeinstein
15,0.16526645037083393,OR,Ron Wyden,D,@RonWyden
16,0.16874976399679734,NJ,Cory Booker,D,@SenBooker
17,0.18029928127453945,RI,Sheldon Whitehouse,D,@SenWhitehouse
18,0.19018801969606847,CT,Christopher Murphy,D,
19,0.1940172195938445,IL,Tammy Duckworth,D,@SenDuckworth
20,0.19494565166876232,NH,Maggie Hassan,D,@SenatorHassan
21,0.20522775051076367,NV,Catherine Cortez Masto,D,
22,0.21960711365844904,VT,Patrick Leahy,D,@SenatorLeahy
23,0.23466051022537585,NJ,Bob Menendez,D,@SenatorMenendez
24,0.23492253773670704,MD,Benjamin Cardin,D,
25,0.23802963131120744,HI,Brian Schatz,D,@brianschatz
26,0.2428308331796491,VA,Tim Kaine,D,@timkaine
27,0.25000758580804056,DE,Thomas Carper,D,
28,0.25914961413490945,WI,Tammy Baldwin,D,@SenatorBaldwin
29,0.26937263467710354,NY,Chuck Schumer,D,@SenSchumer
30,0.28189965261431704,MI,Debbie Stabenow,D,@SenStabenow
31,0.2904001003545551,WA,Maria Cantwell,D,@SenatorCantwell
32,0.3059646815033867,NM,Tom Udall,D,@SenatorTomUdall
33,0.3150941534751248,MN,Amy Klobuchar,D,@SenAmyKlobuchar
34,0.3154604653537477,PA,Bob Casey,D,@SenBobCasey
35,0.3179214550681262,NH,Jeanne Shaheen,D,@SenatorShaheen
36,0.3227295612569395,NM,Martin Heinrich,D,@MartinHeinrich
37,0.4116585255490803,CO,Michael Bennet,D,@SenatorBennet
38,0.42418475658542654,DE,Chris Coons,D,@ChrisCoons
39,0.4387098804841697,MI,Gary Peters,D,@SenGaryPeters
40,0.46364948028422703,VA,Mark Warner,D,@MarkWarner
41,0.4798674083457688,FL,Bill Nelson,D,
42,0.5124009681936544,AL,Doug Jones,D,@SenDougJones
43,0.5198135067038934,MO,Claire McCaskill,D,
44,0.5309293305855259,ME,Angus King,I,@SenAngusKing
45,0.5363965727712479,ME,Susan Collins,R,@SenatorCollins
46,0.5627219440968714,MT,Jon Tester,D,@SenatorTester
47,0.5840849109013482,AK,Lisa Murkowski,R,@lisamurkowski
48,0.6061241252782935,ND,Heidi Heitkamp,D,
49,0.6546625932396029,OH,Rob Portman,R,@senrobportman
50,0.675828831327996,AL,Richard Shelby,R,@SenShelby
51,0.6824402369492032,IN,Joe Donnelly,D,
52,0.6953398400227815,TN,Bob Corker,R,@SenBobCorker
53,0.7080498853677221,WV,Joe Manchin,D,@Sen_JoeManchin
54,0.716237337783082,TN,Lamar Alexander,R,@SenAlexander
55,0.7258636129416577,KY,Rand Paul,R,@RandPaul
56,0.7321459126315386,NC,Richard Burr,R,@SenatorBurr
57,0.7354904702728335,SC,Lindsey Graham,R,@GrahamBlog
58,0.7414179659117345,PA,Pat Toomey,R,@SenToomey
59,0.7422354897316329,MS,Cindy Hyde-Smith,R,@SenHydeSmith
60,0.7576891768003867,WV,Shelley Capito,R,
61,0.7639358579781476,AK,Dan Sullivan,R,
62,0.7653849728633025,KY,Mitch McConnell,R,
63,0.7768840267553742,CO,Cory Gardner,R,@SenCoryGardner
64,0.7776344569671255,NE,Benjamin Sasse,R,
65,0.7807691104289503,IN,Todd Young,R,@SenToddYoung
66,0.7990862292032658,NV,Dean Heller,R,
67,0.8187104401658056,AZ,Jeff Flake,R,
68,0.8205760343332624,IA,Chuck Grassley,R,@ChuckGrassley
69,0.8310137122079804,GA,Johnny Isakson,R,@SenatorIsakson
70,0.8334050397121328,LA,Bill Cassidy,R,@SenBillCassidy
71,0.8403556102836912,ND,John Hoeven,R,@SenJohnHoeven
72,0.8406338905764807,KS,Jerry Moran,R,@JerryMoran
73,0.8434803336255454,WI,Ron Johnson,R,@SenRonJohnson
74,0.847652118881885,FL,Marco Rubio,R,@marcorubio
75,0.8507204555584914,UT,Mike Lee,R,@SenMikeLee
76,0.8641820753201587,SC,Tim Scott,R,@SenatorTimScott
77,0.8655364015657664,ID,Michael Crapo,R,
78,0.8683556402463319,LA,John Kennedy,R,@SenJohnKennedy
79,0.8711289461262159,SD,John Thune,R,@SenJohnThune
80,0.8762724448655931,NC,Thom Tillis,R,@SenThomTillis
81,0.8853832673403488,UT,Orrin Hatch,R,
82,0.8942829609668851,NE,Deb Fischer,R,@SenatorFischer
83,0.8967812019941833,MS,Roger Wicker,R,@SenatorWicker
84,0.9126523163147816,ID,James Risch,R,
85,0.9174879938360248,MO,Roy Blunt,R,@RoyBlunt
86,0.9195216823248556,MT,Steve Daines,R,@SteveDaines
87,0.9239033951603534,WY,John Barrasso,R,@SenJohnBarrasso
88,0.9312776354216258,AR,John Boozman,R,@JohnBoozman
89,0.9332695727307144,IA,Joni Ernst,R,@SenJoniErnst
90,0.9390053118686684,TX,Ted Cruz,R,@SenTedCruz
91,0.9506234389888112,OK,James Lankford,R,@SenatorLankford
92,0.9508044649731175,KS,Pat Roberts,R,@SenPatRoberts
93,0.9534992499898248,GA,David Perdue,R,@sendavidperdue
94,0.9624988256180128,TX,John Cornyn,R,@JohnCornyn
95,0.9698474898734152,SD,Mike Rounds,R,@SenatorRounds
96,0.9727381492026904,AR,Tom Cotton,R,@SenTomCotton
97,0.9753306842241066,WY,Michael Enzi,R,
98,1.0,OK,Jim Inhofe,R,@JimInhofe
0,0.0,DC,Eleanor Norton,D,
1,0.009931495300420765,CA,Barbara Lee,D,@RepBarbaraLee
2,0.05810776859081656,AZ,Raúl Grijalva,D,
3,0.1035740013346976,IL,Jan Schakowsky,D,@janschakowsky
4,0.10956787563512138,WA,Pramila Jayapal,D,@RepJayapal
5,0.11233725148151896,WI,Gwen Moore,D,@RepGwenMoore
6,0.11914332219262395,NY,Yvette Clarke,D,@RepYvetteClarke
7,0.12421328093617555,NJ,Bonnie Watson Coleman,D,@RepBonnie
8,0.12670862169661146,MD,Jamie Raskin,D,@RepRaskin
9,0.13643475970984376,MA,Jim Mc Govern,D,
10,0.14917132007108555,NY,Jerrold Nadler,D,
11,0.15054006130954503,TX,Sheila Jackson Lee,D,@JacksonLeeTX18
12,0.15075508735971313,NY,José Serrano,D,@RepJoseSerrano
13,0.15173915354062814,MN,Keith Ellison,D,
14,0.15186236645269807,IL,Luis Gutiérrez,D,
15,0.15951019206005046,CA,Nanette Barragán,D,@RepBarragan
16,0.16449954366995242,CA,Mark DeSaulnier,D,@RepDeSaulnier
17,0.16918514140795174,FL,Alcee Hastings,D,@RepHastingsFL
18,0.17346178482698776,PA,Dwight Evans,D,@RepDwightEvans
19,0.17633143241577295,CA,Mark Takano,D,@RepMarkTakano
20,0.17988462213251746,NY,Nydia Velázquez,D,
21,0.18034585201504005,CA,Jared Huffman,D,@JaredHuffman
22,0.1807300115487044,NY,Adriano Espaillat,D,@RepEspaillat
23,0.1824779859199576,MN,Betty McCollum,D,@BettyMcCollum04
24,0.18575412534233532,CA,Ro Khanna,D,@RoKhanna
25,0.1859815732462897,WI,Mark Pocan,D,@repmarkpocan
26,0.1862916842272531,FL,Frederica Wilson,D,@RepWilson
27,0.19265082938889647,IN,André Carson,D,@RepAndreCarson
28,0.19358614901693708,WA,Adam Smith,D,@RepAdamSmith
29,0.195941650388095,FL,Darren Soto,D,
30,0.19816350452534334,TN,Steve Cohen,D,@RepCohen
31,0.2022630763203037,VA,Bobby Scott,D,@BobbyScott
32,0.2030897378375424,CA,Judy Chu,D,@RepJudyChu
33,0.20330548208553145,MD,Elijah Cummings,D,@RepCummings
34,0.20380140297328966,GA,John Lewis,D,@repjohnlewis
35,0.2072360562329104,MA,Katherine Clark,D,@RepKClark
36,0.2104823603186956,NJ,Donald Payne,D,
37,0.21183698323624187,CT,Rosa DeLauro,D,@rosadelauro
38,0.2140549327121419,CA,Alan Lowenthal,D,@RepLowenthal
39,0.21539549379922368,CA,Maxine Waters,D,@RepMaxineWaters
40,0.21606239178113615,CA,Jerry McNerney,D,@RepMcNerney
41,0.2162711229570521,NY,Hakeem Jeffries,D,@RepJeffries
42,0.21901063294840828,NJ,Frank Pallone,D,@FrankPallone
43,0.2197691390536541,CA,Karen Bass,D,
44,0.22055356677571966,NY,Carolyn Maloney,D,@RepMaloney
45,0.2219209978256711,CA,Grace Napolitano,D,
46,0.22313038937287208,CA,Lucille Roybal-Allard,D,@RepRoybalAllard
47,0.22475229432655372,RI,David Cicilline,D,@davidcicilline
48,0.2249394671207375,OR,Earl Blumenauer,D,@repblumenauer
49,0.2267076019109092,FL,Debbie Wasserman Schultz,D,@DWStweets
50,0.23786704708026266,MI,Brenda Lawrence,D,@RepLawrence
51,0.2395416848243043,OR,Suzanne Bonamici,D,@RepBonamici
52,0.2411022946235921,CA,Jackie Speier,D,@RepSpeier
53,0.2425681289761417,VA,Donald Beyer,D,
54,0.2427997745496457,CA,Zoe Lofgren,D,@RepZoeLofgren
55,0.24430936933532524,MA,Michael Capuano,D,
56,0.2457194576121555,CA,Ted Lieu,D,@RepTedLieu
57,0.24574683125484856,TX,Al Green,D,@RepAlGreen
58,0.2465918921658699,NY,Gregory Meeks,D,@RepGregoryMeeks
59,0.2528853891200173,NH,Carol Shea-Porter,D,
60,0.25396228612676564,NY,Paul Tonko,D,@RepPaulTonko
61,0.25821535181695643,IL,Mike Quigley,D,@RepMikeQuigley
62,0.2590318822790589,GA,Hank Johnson,D,@RepHankJohnson
63,0.2613206622165658,IL,Danny Davis,D,@RepDannyDavis
64,0.2642941029780461,AZ,Ruben Gallego,D,@RepRubenGallego
65,0.26571639578244777,MI,Debbie Dingell,D,@RepDebDingell
66,0.2733760711302413,MD,Anthony Brown,D,
67,0.2742924934174378,VA,Donald McEachin,D,@RepMcEachin
68,0.2742944532968714,MA,Niki Tsongas,D,
69,0.27443663701690924,OH,Marcy Kaptur,D,@RepMarcyKaptur
70,0.2746009518675943,NC,Alma Adams,D,@RepAdams
71,0.27660391751065616,FL,Kathy Castor,D,
72,0.276983355314815,RI,Jim Langevin,D,@JimLangevin
73,0.2770819730045363,ME,Chellie Pingree,D,@chelliepingree
74,0.27708648179727785,MA,Stephen Lynch,D,@RepStephenLynch
75,0.2791713035043429,CA,Juan Vargas,D,@RepJuanVargas
76,0.279513057439388,HI,Colleen Hanabusa,D,
77,0.2803477780848422,IL,Robin Kelly,D,@RobinLynneKelly
78,0.2822561756625715,CA,Jimmy Gomez,D,@RepJimmyGomez
79,0.2841833580169205,OH,Marcia Fudge,D,@RepMarciaFudge
80,0.28478418446791953,CA,Salud Carbajal,D,@RepCarbajal
81,0.2852813930758417,WA,Rick Larsen,D,@RepRickLarsen
82,0.28600806283571123,TX,Eddie Johnson,D,
83,0.28750547777173224,DE,Lisa Blunt Rochester,D,
84,0.28800065010770537,CA,John Garamendi,D,@RepGaramendi
85,0.2888855975644069,CA,Anna Eshoo,D,@RepAnnaEshoo
86,0.29413975693817296,NY,Eliot Engel,D,@RepEliotEngel
87,0.29599090642697795,NV,Dina Titus,D,@dinatitus
88,0.29603665063774826,CA,Linda Sánchez,D,@RepLindaSanchez
89,0.2970534903176509,NJ,Albio Sires,D,@RepSires
90,0.2996653001683001,NY,Grace Meng,D,@RepGraceMeng
91,0.2999094606058901,IL,Bobby Rush,D,@RepBobbyRush
92,0.3023630445625525,CA,Norma Torres,D,@NormaJTorres
93,0.30300238629874504,MD,John Sarbanes,D,@RepSarbanes
94,0.3035932944030849,KY,John Yarmuth,D,@RepJohnYarmuth
95,0.3040682703008544,VT,Peter Welch,D,@PeterWelch
96,0.3041763026592921,CA,Susan Davis,D,@RepSusanDavis
97,0.3045629731609468,NY,Nita Lowey,D,@NitaLowey
98,0.30577285344132416,NY,Sean Maloney,D,
99,0.3058809926193211,NV,Ruben Kihuen,D,
100,0.3059227736175281,MI,Daniel Kildee,D,
101,0.3061939759356458,CA,Adam Schiff,D,@RepAdamSchiff
102,0.30790288240299923,NY,Joe Crowley,D,@JoeCrowleyNY
103,0.3080666544917332,FL,Val Demings,D,@RepValDemings
104,0.30933855007644606,MA,William Keating,D,
105,0.31013340742097434,MS,Bennie Thompson,D,@BennieGThompson
106,0.31320058521270155,CA,Doris Matsui,D,@DorisMatsui
107,0.3132683688312817,CO,Diana DeGette,D,@RepDianaDeGette
108,0.3140279805966698,LA,Cedric Richmond,D,@RepRichmond
109,0.3148873595752876,VI,Stacey Plaskett,D,@StaceyPlaskett
110,0.3156945245938585,CA,Pete Aguilar,D,@aguilarpete
111,0.3159832021711745,CA,Eric Swalwell,D,@RepSwalwell
112,0.3167103815636064,MO,Lacy Clay,D,
113,0.31988138514004666,MA,Joseph Kennedy,D,
114,0.3207803328740702,NC,George Butterfield,D,
115,0.3248434357267029,MI,Sander Levin,D,
116,0.32502128953893605,TX,Lloyd Doggett,D,@RepLloydDoggett
117,0.3277463557134471,NY,Brian Higgins,D,@RepBrianHiggins
118,0.3301879941226595,PA,Matthew Cartwright,D,
119,0.3304830399653942,MP,Gregorio Sablan,D,
120,0.3309530542815645,CA,Julia Brownley,D,@RepBrownley
121,0.3309989443656557,FL,Theodore Deutch,D,
122,0.3318907923772841,SC,Jim Clyburn,D,
123,0.3345092835225539,FL,Al Lawson,D,
124,0.3345355730244057,CA,Jimmy Panetta,D,@RepJimmyPanetta
125,0.3353193174877628,OH,Tim Ryan,D,@RepTimRyan
126,0.33533757961471505,IL,Raja Krishnamoorthi,D,@CongressmanRaja
127,0.3356904535895149,FL,Charlie Crist,D,@RepCharlieCrist
128,0.3361481867393019,NC,David Price,D,@RepDavidEPrice
129,0.3365520115788244,CA,Tony Cárdenas,D,@RepCardenas
130,0.33672602742732705,VA,Gerald Connolly,D,
131,0.3382445297565082,HI,Tulsi Gabbard,D,@TulsiPress
132,0.3384846959667225,FL,Lois Frankel,D,@RepLoisFrankel
133,0.3387825603482401,TX,Marc Veasey,D,@RepVeasey
134,0.3446965157461198,NJ,Donald Norcross,D,@DonaldNorcross
135,0.3456162572177172,IL,Bill Foster,D,@RepBillFoster
136,0.34574252068281336,PA,Brendan Boyle,D,@CongBoyle
137,0.34695080434198644,TX,Joaquin Castro,D,@JoaquinCastrotx
138,0.3471575406749793,CO,Jared Polis,D,@jaredpolis
139,0.3479138551680179,MA,Seth Moulton,D,@sethmoulton
140,0.34843385726965426,NM,Ben Luján,D,
141,0.3534547824600401,OH,Joyce Beatty,D,@RepBeatty
142,0.3560442232373668,TX,Beto O’Rourke,D,
143,0.3567180863222403,WA,Suzan DelBene,D,@RepDelBene
144,0.3575204639124729,NJ,Bill Pascrell,D,@BillPascrell
145,0.3598380415222341,GU,Madeleine Bordallo,D,
146,0.3616240838115611,MO,Emanuel Cleaver,D,@repcleaver
147,0.3659836839693475,CT,Elizabeth Esty,D,
148,0.3688343041463851,CA,Scott Peters,D,@RepScottPeters
149,0.3711260842684052,MN,Richard Nolan,D,
150,0.3715640139475281,CO,Ed Perlmutter,D,@RepPerlmutter
151,0.37598401559951256,NY,Joseph Morelle,D,
152,0.3766881200095045,MD,Steny Hoyer,D,@LeaderHoyer
153,0.3800927998303865,OR,Peter DeFazio,D,@RepPeterDeFazio
154,0.38095926855473455,NY,Kathleen Rice,D,@RepKathleenRice
155,0.3824464581598751,CA,Nancy Pelosi,D,@SpeakerPelosi
156,0.3859882630233734,WA,Denny Heck,D,@RepDennyHeck
157,0.3884941034703397,CT,Joe Courtney,D,@RepJoeCourtney
158,0.3914972508507549,PA,Robert Brady,D,
159,0.3927612468265972,CT,John Larson,D,@RepJohnLarson
160,0.39294972723011135,PA,Mike Doyle,D,@USRepMikeDoyle
161,0.3977268964491537,CT,James Himes,D,
162,0.40004304220091175,NV,Jacky Rosen,D,@SenJackyRosen
163,0.4000559289416492,MA,Richard Neal,D,@RepRichardNeal
164,0.40243972002288425,CA,Luis Correa,D,
165,0.41162086736179065,CA,Mike Thompson,D,@RepThompson
166,0.4116692432829445,TX,Filemon Vela,D,
167,0.4128073791317179,CA,Raul Ruiz,D,@CongressmanRuiz
168,0.4178130939718298,IN,Peter Visclosky,D,
169,0.4179516331457454,PA,Mary Scanlon,D,
170,0.4193387187727951,IL,Cheri Bustos,D,@RepCheri
171,0.4201660291438507,PA,Conor Lamb,D,@RepConorLamb
172,0.4202220426276496,NY,Thomas Suozzi,D,
173,0.42180232067433343,PA,Susan Wild,D,@RepSusanWild
174,0.4240097226454065,WA,Derek Kilmer,D,@RepDerekKilmer
175,0.4293736355526366,NH,Ann Kuster,D,
176,0.4305717955200164,GA,David Scott,D,@repdavidscott
177,0.4313705687137213,AL,Terri Sewell,D,@RepTerriSewell
178,0.4360545324511971,CA,Brad Sherman,D,@BradSherman
179,0.44184147994787387,TN,Jim Cooper,D,@repjimcooper
180,0.4435163986481513,CA,Ami Bera,D,@RepBera
181,0.4463524001693265,IL,Bradley Schneider,D,
182,0.4467243448394545,FL,Stephanie Murphy,D,@RepStephMurphy
183,0.450033858388774,IL,Daniel Lipinski,D,@RepLipinski
184,0.4509796632808349,MI,Brenda Jones,D,
185,0.4513831522393456,GA,Sanford Bishop,D,@SanfordBishop
186,0.4536858746868266,TX,Gene Green,D,
187,0.4538792345810471,MD,Dutch Ruppersberger,D,@Call_Me_Dutch
188,0.4559314364821782,MN,Timothy Walz,D,
189,0.4584089333357799,WI,Paul Ryan,R,
190,0.463007769784148,IA,David Loebsack,D,
191,0.4634490594097852,OK,Kevin Hern,R,@repkevinhern
192,0.4709742345522774,OH,Troy Balderson,R,@RepBalderson
193,0.4795265512698514,MD,John Delaney,D,
194,0.4900733176231379,AZ,Tom O’Halleran,D,
195,0.4993186503375753,CA,Kevin McCarthy,R,@GOPLeader
196,0.5190682945947543,CA,Jim Costa,D,@RepJimCosta
197,0.5194228544582105,OR,Kurt Schrader,D,@RepSchrader
198,0.5317388314314748,TX,Vicente Gonzalez,D,@RepGonzalez
199,0.5326364068654876,MI,Justin Amash,R,@justinamash
200,0.5487806391536213,TX,Michael Cloud,R,@RepCloudTX
201,0.5611410369358477,NJ,Josh Gottheimer,D,@RepJoshG
202,0.5729460298921204,WI,Ron Kind,D,@RepRonKind
203,0.5729909978311186,FL,Ileana Ros-Lehtinen,R,
204,0.5892913065467105,WA,David Reichert,R,
205,0.5916519876895251,NJ,Rodney Frelinghuysen,R,
206,0.5930071772486832,GA,Rob Woodall,R,@RepRobWoodall
207,0.5945431663533869,NC,Patrick McHenry,R,@PatrickMcHenry
208,0.6020364159864601,VA,Scott Taylor,R,
209,0.6020535016007562,PR,Jenniffer González-Colón,R,
210,0.6032063420563274,NY,Tom Reed,R,@RepTomReed
211,0.6061905884382693,KY,Hal Rogers,R,@RepHalRogers
212,0.610015307897227,NJ,Frank LoBiondo,R,
213,0.6133674434065389,SC,Trey Gowdy,R,
214,0.6161452087308867,LA,Steve Scalise,R,@SteveScalise
215,0.6193680590936247,ID,Mike Simpson,R,@CongMikeSimpson
216,0.6235844049900682,FL,Mario Diaz-Balart,R,@MarioDB
217,0.6257714068628111,FL,Vern Buchanan,R,@VernBuchanan
218,0.6262327309988271,AS,Aumua Amata,R,
219,0.6288106544500294,TX,Henry Cuellar,D,@RepCuellar
220,0.6299079212899442,KY,Thomas Massie,R,@RepThomasMassie
221,0.6350507405775516,CA,Ed Royce,R,
222,0.6350646505256955,NC,Virginia Foxx,R,@virginiafoxx
223,0.6403011417155928,SC,Mark Sanford,R,
224,0.6407339591301899,OR,Greg Walden,R,@repgregwalden
225,0.6459747712517935,TX,Mac Thornberry,R,
226,0.6476432080775153,TX,Kay Granger,R,@RepKayGranger
227,0.6484763356350953,CA,Devin Nunes,R,@RepDevinNunes
228,0.6487383611903363,NJ,Leonard Lance,R,
229,0.6495910339273284,CA,Dana Rohrabacher,R,
230,0.6510796343420152,PA,Ryan Costello,R,
231,0.6518687009003845,NJ,Tom MacArthur,R,
232,0.6526243349551789,MN,Jason Lewis,R,
233,0.6565556432240213,NY,Daniel Donovan,R,
234,0.6590935968790771,UT,John Curtis,R,@RepJohnCurtis
235,0.6594761426523226,CA,Darrell Issa,R,
236,0.6606543370282332,NY,Pete King,R,@RepPeteKing
237,0.6610874651245915,MI,Fred Upton,R,@RepFredUpton
238,0.6615539208348995,PA,Bill Shuster,R,
239,0.662610319595245,NY,John Katko,R,@RepJohnKatko
240,0.6627954962037675,WA,Jaime Herrera Beutler,R,@HerreraBeutler
241,0.664051310870137,CA,Jeff Denham,R,
242,0.6655768109086597,LA,Garret Graves,R,@RepGarretGraves
243,0.6683812471893573,TX,Will Hurd,R,@HurdOnTheHill
244,0.6700259323166833,CA,Mimi Walters,R,
245,0.6732160080661004,ID,Raúl Labrador,R,
246,0.6738446313447883,IN,Trey Hollingsworth,R,@RepTrey
247,0.6769867480301616,AL,Martha Roby,R,@RepMarthaRoby
248,0.6782389777882074,FL,Brian Mast,R,@RepBrianMast
249,0.6786254514597734,NJ,Chris Smith,R,@RepChrisSmith
250,0.6794425173235219,AZ,Debbie Lesko,R,@RepDLesko
251,0.6803930946948809,TX,Joe Barton,R,
252,0.6820062776789374,AL,Gary Palmer,R,@USRepGaryPalmer
253,0.6825253315467171,WY,Liz Cheney,R,@RepLizCheney
254,0.6826404036430493,OK,Steve Russell,R,
255,0.6841419656067136,TX,Kevin Brady,R,@RepKevinBrady
256,0.6937857499518171,IL,Peter Roskam,R,
257,0.6974953127755302,AZ,Kyrsten Sinema,D,@SenatorSinema
258,0.6983963678933366,IL,John Shimkus,R,@RepShimkus
259,0.6984530665296413,UT,Mia Love,R,
260,0.6991431704526393,NY,John Faso,R,
261,0.699309879617638,NE,Adrian Smith,R,@RepAdrianSmith
262,0.6996129513304419,GA,Karen Handel,R,
263,0.6999394438368088,AK,Don Young,R,@repdonyoung
264,0.7007034972615607,KY,James Comer,R,@KYComer
265,0.7016085955480498,IL,Adam Kinzinger,R,@RepKinzinger
266,0.7024561092818974,TX,John Carter,R,
267,0.7025895781131019,AR,Steve Womack,R,@rep_stevewomack
268,0.7031122001327134,WA,Cathy McMorris Rodgers,R,
269,0.7035189941592612,MI,Dave Trott,R,
270,0.7074399387033364,OK,Frank Lucas,R,@RepFrankLucas
271,0.7093291648230139,CA,Steve Knight,R,
272,0.7093877926116321,MN,Collin Peterson,D,
273,0.7094041103913421,MI,Jack Bergman,R,
274,0.7102561220874158,OH,Warren Davidson,R,@WarrenDavidson
275,0.7105799334586151,SC,Tom Rice,R,@RepTomRice
276,0.7130492078028503,MN,Erik Paulsen,R,
277,0.7140948339075904,TX,Michael Conaway,R,
278,0.7181975193938069,OH,Jim Jordan,R,@Jim_Jordan
279,0.7190961204558299,AZ,Martha McSally,R,@SenMcSallyAZ
280,0.7194678909584877,IA,Rod Blum,R,
281,0.7223148409477435,PA,Tom Marino,R,
282,0.7225205126585867,TN,David Kustoff,R,@RepDavidKustoff
283,0.722577777098881,NE,Jeff Fortenberry,R,@JeffFortenberry
284,0.7233432048618321,MO,Sam Graves,R,
285,0.7236993263637358,NV,Mark Amodei,R,
286,0.7264831423654168,FL,Carlos Curbelo,R,
287,0.7302824873838253,KS,Kevin Yoder,R,
288,0.7303491296537231,VA,Barbara Comstock,R,
289,0.7314924419064425,OH,David Joyce,R,
290,0.7316398705406182,OH,Michael Turner,R,
291,0.7324885650453273,FL,Thomas Rooney,R,
292,0.733938482569702,VA,Morgan Griffith,R,@RepMGriffith
293,0.7352001667217104,FL,John Rutherford,R,@RepRutherfordFL
294,0.7354214022338871,CO,Ken Buck,R,@RepKenBuck
295,0.7358381721684796,AL,Mike Rogers,R,@RepMikeRogersAL
296,0.7379877263448299,PA,Brian Fitzpatrick,R,@RepBrianFitz
297,0.7387141258664129,WI,Sean Duffy,R,@RepSeanDuffy
298,0.7421342728205266,MT,Greg Gianforte,R,
299,0.7422184194090088,TX,Michael Burgess,R,
300,0.7436248781533729,TN,Jimmy Duncan,R,
301,0.7436642095781105,AL,Robert Aderholt,R,@Robert_Aderholt
302,0.7436897966205708,UT,Rob Bishop,R,@RepRobBishop
303,0.7442715763726389,GA,Doug Collins,R,@RepDougCollins
304,0.7449177723123053,VA,Bob Goodlatte,R,
305,0.7462318255177863,IL,Darin LaHood,R,@RepLaHood
306,0.7472045810047417,NC,George Holding,R,@RepHolding
307,0.7506855579634911,KS,Ron Estes,R,@RepRonEstes
308,0.7547422702745722,TX,Jeb Hensarling,R,
309,0.7548953709021011,CA,Ken Calvert,R,@KenCalvert
310,0.7574673975643641,NY,Lee Zeldin,R,@RepLeeZeldin
311,0.7579434630912273,AR,Rick Crawford,R,@RepRickCrawford
312,0.7581963652734018,TN,Chuck Fleischmann,R,@RepChuck
313,0.7593431767511268,LA,Clay Higgins,R,@RepClayHiggins
314,0.7646674872912821,GA,Tom Graves,R,@RepTomGraves
315,0.7660885348418127,CA,Paul Cook,R,@RepPaulCook
316,0.766974358534176,AR,French Hill,R,@RepFrenchHill
317,0.767323249523052,OK,Markwayne Mullin,R,@RepMullin
318,0.768326965910473,WV,David McKinley,R,@RepMcKinley
319,0.7686827406365297,NY,Chris Collins,R,@RepChrisCollins
320,0.7698820340642042,IL,Rodney Davis,R,
321,0.7715078243363717,ME,Bruce Poliquin,R,
322,0.7716559389042275,OH,Brad Wenstrup,R,@RepBradWenstrup
323,0.7725428569883418,PA,Lloyd Smucker,R,@RepSmucker
324,0.7730305518790359,MS,Trent Kelly,R,@RepTrentKelly
325,0.7733641162615653,IN,Susan Brooks,R,@SusanWBrooks
326,0.7747555534568121,IL,Mike Bost,R,@RepBost
327,0.7751068201087584,TN,Diane Black,R,
328,0.776081060117055,MI,John Moolenaar,R,@RepMoolenaar
329,0.7803939206796909,FL,Daniel Webster,R,@RepWebster
330,0.7804949185703091,IN,Larry Bucshon,R,
331,0.7805706995737153,NY,Elise Stefanik,R,@RepStefanik
332,0.7812349660988467,LA,Mike Johnson,R,@RepMikeJohnson
333,0.7816256329075405,FL,Gus Bilirakis,R,@RepGusBilirakis
334,0.7827413355575107,NC,Mark Walker,R,@RepMarkWalker
335,0.7836294174075682,NY,Claudia Tenney,R,
336,0.7841297911995874,AZ,David Schweikert,R,@RepDavid
337,0.7843727017008661,CA,Duncan Hunter,R,@Rep_Hunter
338,0.785344206268727,TX,Sam Johnson,R,
339,0.7858566421267301,FL,Francis Rooney,R,@RepRooney
340,0.7869391125135865,FL,Dennis Ross,R,
341,0.7883547297334489,PA,Scott Perry,R,
342,0.7885776256717513,CA,Tom McClintock,R,@RepMcClintock
343,0.7914104967012541,UT,Chris Stewart,R,@RepChrisStewart
344,0.7922838850079644,WI,Mike Gallagher,R,@RepGallagher
345,0.7927662077445371,CA,David Valadao,R,
346,0.7929888733820311,CO,Mike Coffman,R,
347,0.7937698957652388,WI,James Sensenbrenner,R,
348,0.7945854812281279,VA,Robert Wittman,R,
349,0.7958392259491991,GA,Austin Scott,R,@AustinScottGA08
350,0.7994036719851122,SD,Kristi Noem,R,
351,0.7997515023690633,TX,John Culberson,R,
352,0.8000682203808588,TX,Ted Poe,R,
353,0.8004030830931801,NC,Walter Jones,R,@RepWalterJones
354,0.8007157371585424,IL,Randy Hultgren,R,
355,0.8013214282621307,TX,Kenny Marchant,R,@RepKenMarchant
356,0.8016407644508695,PA,Keith Rothfus,R,
357,0.8017959350693553,TX,Jodey Arrington,R,
358,0.8021191616936905,KY,Brett Guthrie,R,@RepGuthrie
359,0.8022476661828254,TX,Michael McCaul,R,@RepMcCaul
360,0.8045344716155436,VA,Thomas Garrett,R,
361,0.8064713827383335,MI,Bill Huizenga,R,@RepHuizenga
362,0.8077984953309925,OH,Robert Latta,R,
363,0.8083352165941662,MS,Gregg Harper,R,
364,0.8132618994740204,MO,Billy Long,R,@USRepLong
365,0.8135036283105482,GA,Drew Ferguson,R,@RepDrewFerguson
366,0.8157614792971751,AL,Mo Brooks,R,@RepMoBrooks
367,0.8167746729519856,NE,Don Bacon,R,@RepDonBacon
368,0.8173900662604683,KS,Lynn Jenkins,R,
369,0.8175108964789461,TX,Roger Williams,R,@RepRWilliams
370,0.8178909404534387,FL,Neal Dunn,R,@DrNealDunnFL2
371,0.8179694476980769,MI,Paul Mitchell,R,@RepPaulMitchell
372,0.8216773985055726,WA,Dan Newhouse,R,@RepNewhouse
373,0.8227915154935207,IA,David Young,R,
374,0.8232237588639243,MO,Jason Smith,R,@RepJasonSmith
375,0.8254646650312036,PA,Mike Kelly,R,@MikeKellyPA
376,0.8266922301385561,TN,Marsha Blackburn,R,@MarshaBlackburn
377,0.8271272220380277,MN,Tom Emmer,R,@RepTomEmmer
378,0.8290313270446921,IN,Jackie Walorski,R,@RepWalorski
379,0.830678838325986,MI,Tim Walberg,R,@RepWalberg
380,0.8321585182298161,SC,Joe Wilson,R,@RepJoeWilson
381,0.8336915691019354,TX,John Ratcliffe,R,@RepRatcliffe
382,0.8340240100801843,MO,Ann Wagner,R,@RepAnnWagner
383,0.8361428724468141,OH,James Renacci,R,
384,0.8373760927828597,CO,Scott Tipton,R,@RepTipton
385,0.8406607987311963,AR,Bruce Westerman,R,@RepWesterman
386,0.8409261033529891,PA,Lou Barletta,R,
387,0.8428880971967424,PA,Glenn Thompson,R,
388,0.8445577389255309,OK,Tom Cole,R,@TomColeOK04
389,0.8451969911322321,OH,Steve Stivers,R,@RepSteveStivers
390,0.8456619902883155,GA,Buddy Carter,R,@RepBuddyCarter
391,0.8481236976859217,OH,Bill Johnson,R,@RepBillJohnson
392,0.8483998255671757,MO,Vicky Hartzler,R,@RepHartzler
393,0.8501201417403249,MD,Andy Harris,R,
394,0.8519478570708761,MO,Blaine Luetkemeyer,R,@RepBlaine
395,0.8521017710950988,NM,Steve Pearce,R,
396,0.8531732715667073,GA,Barry Loudermilk,R,@RepLoudermilk
397,0.8555585332341065,NC,Ted Budd,R,@RepTedBudd
398,0.8557064826333638,CO,Doug Lamborn,R,@RepDLamborn
399,0.8582968987834637,MS,Steven Palazzo,R,@CongPalazzo
400,0.8630219637546659,FL,Matt Gaetz,R,@RepMattGaetz
401,0.864943761714517,VA,Dave Brat,R,
402,0.866871743654627,OH,Steve Chabot,R,@RepSteveChabot
403,0.8684320620192215,FL,Bill Posey,R,@congbillposey
404,0.8690607378721659,AL,Bradley Byrne,R,@RepByrne
405,0.8693405214409613,OH,Bob Gibbs,R,@RepBobGibbs
406,0.8715167117485717,KY,Andy Barr,R,@RepAndyBarr
407,0.8722860445255048,NC,Richard Hudson,R,@RepRichHudson
408,0.8738977071709476,FL,Ted Yoho,R,@RepTedYoho
409,0.8757982157152921,TN,Scott DesJarlais,R,@DesJarlaisTN04
410,0.8765783568681116,KS,Roger Marshall,R,@RepMarshall
411,0.8772953353071429,AZ,Andy Biggs,R,@RepAndyBiggsAZ
412,0.8802398965902584,WV,Alex Mooney,R,@RepAlexMooney
413,0.8820965333751899,IN,Jim Banks,R,
414,0.8886659077862085,TX,Bill Flores,R,
415,0.8925485628016865,GA,Rick Allen,R,@RepRickAllen
416,0.8954026589974563,TX,Lamar Smith,R,
417,0.8962302357207275,TX,Randy Weber,R,@TXRandy14
418,0.897395328871323,IN,Luke Messer,R,
419,0.9017491606045192,NC,Robert Pittenger,R,
420,0.9146485968147016,MI,Mike Bishop,R,
421,0.918796928510442,TX,Louie Gohmert,R,@replouiegohmert
422,0.9206537990433182,LA,Ralph Abraham,R,@RepAbraham
423,0.9226870284583724,TX,Pete Olson,R,@RepPeteOlson
424,0.9274628619441424,GA,Jody Hice,R,@CongressmanHice
425,0.9301745783520046,NC,David Rouzer,R,@RepDavidRouzer
426,0.9302522266981976,IA,Steve King,R,@SteveKingIA
427,0.9361129032790676,NC,Mark Meadows,R,@RepMarkMeadows
428,0.9372360438187444,TN,Phil Roe,R,@DrPhilRoe
429,0.9376951199080206,WI,Glenn Grothman,R,@RepGrothman
430,0.9457999804491054,CA,Doug LaMalfa,R,@RepLaMalfa
431,0.9536261165205908,SC,Ralph Norman,R,@RepRalphNorman
432,0.9599181167675668,AZ,Paul Gosar,R,
433,0.9620823070671409,SC,Jeff Duncan,R,@RepJeffDuncan
434,0.9707086445345952,ND,Kevin Cramer,R,@SenKevinCramer
435,0.9708942669855886,TX,Brian Babin,R,@RepBrianBabin
436,0.9856101307685294,IN,Todd Rokita,R,
437,1.0,TX,Pete Sessions,R,
